"代码","名称","报告期","行业","营业总收入(元)","同比增长(%)","季度环比增长(%)","销售商品、提供劳务收到的现金","销售商品、提供劳务收到的现金占比","净利润(元)","净利润同比(%)","季度环比增长(%)","销售毛利率(%)","总负债(元)","总负债同比(%)"
"002916","深南电路","2019-03-31T00:00:00","电子元件","2162870945.88","46.3899","-4.5232","1890058059.31","17.1080982827053","186768322.15","0.595425","-16.7415","23.5394","4941019297.92","0.231086"
"002916","深南电路","2018-12-31T00:00:00","电子元件","7602141701.41","33.6772","8.0251","7080959357.39","7.50722561138899","697252358.02","0.556081","16.4864","23.1296","4801608898.55","0.123099"
"002916","深南电路","2017-12-31T00:00:00","电子元件","5686939441.08","23.6694","-0.8306","5404536230.42","3.83841643798639","448082267.22","0.634357","25.6864","22.401","4275319502.96","0.200214"
"002916","深南电路","2016-12-31T00:00:00","电子元件","1287394591.94","-","2.2279","1013573048.86","4.6056308962642","101678062.02","-","50.517","23.8732","3562130018.63","0.043487""代码","名称","报告期","行业","营业总收入(元)","同比增长(%)","季度环比增长(%)","销售商品、提供劳务收到的现金","销售商品、提供劳务收到的现金占比","净利润(元)","净利润同比(%)","季度环比增长(%)","销售毛利率(%)","总负债(元)","总负债同比(%)"
"300433","蓝思科技","2019-03-31T00:00:00","材料行业","4806629496.33","6.9482","-44.9061","7270544093.68","19.5920551102028","-96966167.63","-1.881765","77.3322","18.158","25215482210.45","0.410776"
"300433","蓝思科技","2018-12-31T00:00:00","材料行业","27717496839.46","16.9368","7.7136","28315064053.74","22.4740977908111","637007405.27","-0.688806","-170.547","22.6308","26052929475.47","0.376575"
"300433","蓝思科技","2017-12-31T00:00:00","材料行业","23702962254.39","55.5709","33.0069","21459285563.1","6.39741434557295","2046977419.58","0.70072","98.2893","27.9562","18925905620.33","0.944929"
"300433","蓝思科技","2016-12-31T00:00:00","材料行业","15236116891.15","-11.5587","-8.1765","15473415533.25","35.959092871253","1203594795.98","-0.21984","-25.2884","25.2772","9730895969.91","-0.032618""代码","名称","报告期","行业","营业总收入(元)","同比增长(%)","季度环比增长(%)","销售商品、提供劳务收到的现金","销售商品、提供劳务收到的现金占比","净利润(元)","净利润同比(%)","季度环比增长(%)","销售毛利率(%)","总负债(元)","总负债同比(%)"
"601298","青岛港","2019-03-31T00:00:00","港口水运","3139039296","5.6283","-","3039000015","20.7887278538142","978338636","0.048431","-","33.0527","20998095675","-"
"601298","青岛港","2018-12-31T00:00:00","港口水运","11741480164","15.7226","-","10811393842","4.60321626802506","3593485631","0.180918","-","30.8818","19346258690","-0.158529"
"601298","青岛港","2017-12-31T00:00:00","港口水运","2971777579","-","-","2851347658","1.00008523503356","933145470","-","-","33.879","22990996022","0.008376"
"601298","青岛港","2016-12-31T00:00:00","港口水运","4785027307","16.0874","-","3819061152","0.656237294836608","1550465173","0.291686","-","35.6486","22800015583","0.257312""代码","名称","报告期","行业","营业总收入(元)","同比增长(%)","季度环比增长(%)","销售商品、提供劳务收到的现金","销售商品、提供劳务收到的现金占比","净利润(元)","净利润同比(%)","季度环比增长(%)","销售毛利率(%)","总负债(元)","总负债同比(%)"
"002463","沪电股份","2019-03-31T00:00:00","电子元件","1363278032","16.6108","-17.2778","1573494591","2.65016472502008","162451125","1.314669","-13.238","25.9221","2865016987","0.179414"
"002463","沪电股份","2018-12-31T00:00:00","电子元件","5496885226","18.8068","18.9629","5798114729","37.4988185906953","570448021","1.80294","0.31","23.407","2588712341","0.033789"
"002463","沪电股份","2017-12-31T00:00:00","电子元件","4626744296","22.0685","1.7862","4489048984","44.6456069003274","203517728","0.559462","-29.3649","17.9404","2504101150","0.278537"
"002463","沪电股份","2016-12-31T00:00:00","电子元件","3790284705","12.2337","8.8413","4074758428","91.8331680726614","130505061","22.56548","91.447","15.6709","1958568111","-0.112872""代码","名称","报告期","行业","营业总收入(元)","同比增长(%)","季度环比增长(%)","销售商品、提供劳务收到的现金","销售商品、提供劳务收到的现金占比","净利润(元)","净利润同比(%)","季度环比增长(%)","销售毛利率(%)","总负债(元)","总负债同比(%)"
"300735","光弘科技","2019-03-31T00:00:00","电子元件","440502752.96","63.5493","-6.3321","566663639.74","3.84103629750767","82084617.54","2.804945","-14.5265","29.9601","355764963.52","0.446826"
"300735","光弘科技","2018-12-31T00:00:00","电子元件","1598087540.74","25.4275","10.7986","1572185722.34","2.28534862679192","273318283.38","0.574763","6.8159","31.9115","311076773.68","0.234448"
"300735","光弘科技","2017-12-31T00:00:00","电子元件","1274112355.7","3.8377","-22.0599","1468420443.06","1.80095372031296","173561588.99","0.125601","-44.2824","27.8005","251996721.34","-0.306255"
"300735","光弘科技","2016-12-31T00:00:00","电子元件","255603977.79","-","-","401334857.09","13.3990995553498","30167171.02","-","-","27.1277","363241086.52","-0.107144""代码","名称","报告期","行业","营业总收入(元)","同比增长(%)","季度环比增长(%)","销售商品、提供劳务收到的现金","销售商品、提供劳务收到的现金占比","净利润(元)","净利润同比(%)","季度环比增长(%)","销售毛利率(%)","总负债(元)","总负债同比(%)"
"300602","飞荣达","2019-03-31T00:00:00","电子元件","367308582.57","50.389","-12.3652","428687119.93","7.7336922197022","40384597.67","0.262312","-3.5026","30.4715","786614954.29","0.543291"
"300602","飞荣达","2018-12-31T00:00:00","电子元件","1325762766.91","27.9187","18.1904","1156900698.11","6.76976347684263","162458970.58","0.502193","-17.2325","30.9354","713817564.39","0.480843"
"300602","飞荣达","2017-12-31T00:00:00","电子元件","1036410325.75","22.9464","10.8909","931696935.68","2.41696622996888","108147838.03","-0.066794","10.3494","26.8531","482034641.22","0.447269"
"300602","飞荣达","2016-12-31T00:00:00","电子元件","842977689","30.2549","35.0769","789546503.56","17.004338246834","115888461.26","0.150264","59.8316","30.5689","333064969.54","0.525531""代码","名称","报告期","行业","营业总收入(元)","同比增长(%)","季度环比增长(%)","销售商品、提供劳务收到的现金","销售商品、提供劳务收到的现金占比","净利润(元)","净利润同比(%)","季度环比增长(%)","销售毛利率(%)","总负债(元)","总负债同比(%)"
"002579","中京电子","2019-03-31T00:00:00","电子元件","456049553.99","51.1656","-15.1681","313234234.44","11.0778369109879","14175975.32","-0.257779","-36.6424","20.6047","1619381739.3","0.562643"
"002579","中京电子","2018-12-31T00:00:00","电子元件","1761337240.84","63.6089","7.1121","1505461306.53","14.814617727721","81557970.86","2.434885","21.5708","20.4794","1593013156.04","1.344653"
"002579","中京电子","2017-12-31T00:00:00","电子元件","1076553203.25","35.5539","17.0636","897940485.12","159.25175154663","23744017.7","-0.786064","516.5376","17.0266","679423959.96","0.14312"
"002579","中京电子","2016-12-31T00:00:00","电子元件","794188458.63","37.2622","24.4631","648115561","3.76830995162597","110986387.78","2.795709","221.0053","17.2518","594359323.79","-0.022587""代码","名称","报告期","行业","营业总收入(元)","同比增长(%)","季度环比增长(%)","销售商品、提供劳务收到的现金","销售商品、提供劳务收到的现金占比","净利润(元)","净利润同比(%)","季度环比增长(%)","销售毛利率(%)","总负债(元)","总负债同比(%)"
"000636","风华高科","2019-03-31T00:00:00","电子元件","852257434.51","1.1945","-20.2572","917611296.47","41.9734029296786","157110055.85","0.35107","21.6125","31.3114","1113767037.89","-0.21696"
"000636","风华高科","2018-12-31T00:00:00","电子元件","4580200601.43","36.5109","-25.2774","3913135384.51","5.34562187108663","1017172198.71","3.120629","-72.761","41.6695","1515289989.87","-0.133087"
"000636","风华高科","2017-12-31T00:00:00","电子元件","3355189485.28","20.9362","29.9311","2539828988.65","41.4505468054538","246848779.61","1.866649","-9.1714","23.7749","1747915542.59","-0.176751"
"000636","风华高科","2016-12-31T00:00:00","电子元件","2774347241.04","43.0391","23.8724","1995738406.93","2.24015481532747","86110575.8","1.250278","-6.0603","20.0426","2123192698.71","0.173152""代码","名称","报告期","行业","营业总收入(元)","同比增长(%)","季度环比增长(%)","销售商品、提供劳务收到的现金","销售商品、提供劳务收到的现金占比","净利润(元)","净利润同比(%)","季度环比增长(%)","销售毛利率(%)","总负债(元)","总负债同比(%)"
"002230","科大讯飞","2019-03-31T00:00:00","软件服务","1958367539.17","40.1062","-25.6473","1729961323.58","1.50339620584316","101882786.04","0.242591","-68.4537","50.0318","6830467856.6","0.354076"
"002230","科大讯飞","2018-12-31T00:00:00","软件服务","7917221902.67","45.4119","27.0359","7585833991.94","18.3641611311983","542066004","0.247058","264.9265","50.0261","7090827089.85","0.316084"
"002230","科大讯飞","2017-12-31T00:00:00","软件服务","5444688147.38","63.9731","60.2335","5015337319.54","41.984337459856","434675994.14","-0.102707","333.7751","51.3794","5387823164.83","0.686239"
"002230","科大讯飞","2016-12-31T00:00:00","软件服务","3320476689.57","32.7766","73.622","3294329943.08","22.8112053465847","484430415.83","0.139047","820.3134","50.5196","3195171089.94","0.711234""代码","名称","报告期","行业","营业总收入(元)","同比增长(%)","季度环比增长(%)","销售商品、提供劳务收到的现金","销售商品、提供劳务收到的现金占比","净利润(元)","净利润同比(%)","季度环比增长(%)","销售毛利率(%)","总负债(元)","总负债同比(%)"
"600469","风神股份","2019-03-31T00:00:00","汽车行业","1405695517.92","-1.9628","-6.6658","904699157.86","4.10383384644498","88448375.9","1.860318","439.2895","19.1561","4977854315.39","-0.153325"
"600469","风神股份","2018-12-31T00:00:00","汽车行业","6218639534.81","-14.8553","-4.7844","4585935223.82","33.863245986941","18270878.74","1.038466","-82.1338","18.1394","5157442165.28","-0.056882"
"600469","风神股份","2017-12-31T00:00:00","汽车行业","7303614224.03","-0.2941","-16.554","5393524464.05","98.5135367093416","-474993175.83","-6.617806","-211.7086","9.2835","5468499700.04","0.036402"
"600469","风神股份","2016-12-31T00:00:00","汽车行业","7325156147.95","-10.3996","108.9789","6257419697.17","10.8514800224289","84551362.41","-0.433837","-360.5357","14.9587","5276426537.39","-0.335296""代码","名称","报告期","行业","营业总收入(元)","同比增长(%)","季度环比增长(%)","销售商品、提供劳务收到的现金","销售商品、提供劳务收到的现金占比","净利润(元)","净利润同比(%)","季度环比增长(%)","销售毛利率(%)","总负债(元)","总负债同比(%)"
"600519","贵州茅台","2019-06-30T00:00:00","酿酒行业","41172681309.94","16.7971","-16.8518","43329084454.18","11.0581995713101","19951025609.22","0.265592","-22.2061","91.8668","45514872823.37","0.362298"
"600519","贵州茅台","2019-03-31T00:00:00","酿酒行业","22480525254.69","22.2083","1.1264","22758183135.22","39.8781950321234","11221431345.08","0.319097","7.1763","92.1113","30566115048.51","0.044807"
"600519","贵州茅台","2018-12-31T00:00:00","酿酒行业","77199384110.22","26.4263","12.7414","84268695732.62","3.61432320753151","35203625263.22","0.300017","16.7315","91.142","42438186813.48","0.099706"
"600519","贵州茅台","2017-12-31T00:00:00","酿酒行业","61062756866.16","52.0673","-12.7312","64421479343.02","5.30948332334578","27079360255.74","0.619738","-18.7504","89.7962","38590489400","0.041973"
"600519","贵州茅台","2016-12-31T00:00:00","酿酒行业","40155084412.93","20.0564","43.5154","61012964102.54","2.17792144371628","16718362734.16","0.078389","16.103","91.2251","37035995425.69","0.84559""代码","名称","报告期","行业","营业总收入(元)","同比增长(%)","季度环比增长(%)","销售商品、提供劳务收到的现金","销售商品、提供劳务收到的现金占比","净利润(元)","净利润同比(%)","季度环比增长(%)","销售毛利率(%)","总负债(元)","总负债同比(%)"
"601318","中国平安","2019-03-31T00:00:00","保险","378161000000","21.5088","67.05","-","-","45517000000","0.770952","62.5201","-","6677859000000","0.093234"
"601318","中国平安","2018-12-31T00:00:00","保险","976832000000","9.6477","4.9777","-","-","107404000000","0.205594","31.4759","-","6459317000000","0.093843"
"601318","中国平安","2017-12-31T00:00:00","保险","890882000000","25.0443","14.372","-","-","89088000000","0.42783","-0.5286","-","5905158000000","0.160048"
"601318","中国平安","2016-12-31T00:00:00","保险","712453000000","14.9136","-1.8447","-","-","62394000000","0.151117","-62.5858","-","5090442000000","0.16979""代码","名称","报告期","行业","营业总收入(元)","同比增长(%)","季度环比增长(%)","销售商品、提供劳务收到的现金","销售商品、提供劳务收到的现金占比","净利润(元)","净利润同比(%)","季度环比增长(%)","销售毛利率(%)","总负债(元)","总负债同比(%)"
"002415","海康威视","2019-06-30T00:00:00","安防设备","23923273424.5","14.5983","40.6175","25100138387.74","5.26229288679227","4216755210.24","0.016724","74.5072","46.3263","27412534764.08","0.385386"
"002415","海康威视","2019-03-31T00:00:00","安防设备","9942448619.42","6.168","-37.9932","11410249255.26","3.91844274079377","1536118222.96","-0.154103","-61.1804","44.8248","20961980552.49","0.179946"
"002415","海康威视","2018-12-31T00:00:00","安防设备","49837132481.61","18.9275","24.039","51986564929.24","5.20148936810472","11352869241.32","0.206359","21.8156","44.8534","25520600681.55","0.21717"
"002415","海康威视","2017-12-31T00:00:00","安防设备","41905476572.07","31.223","25.6469","42136145087.13","16.8084192910709","9410855084.82","0.26768","13.867","43.9994","20966842028.52","0.242856"
"002415","海康威视","2016-12-31T00:00:00","安防设备","31934544088.82","26.3248","25.608","32675031364.22","9.36550838101088","7423683960.91","0.264645","14.6758","41.5908","16869887264.87","0.52939""代码","名称","报告期","行业","营业总收入(元)","同比增长(%)","季度环比增长(%)","销售商品、提供劳务收到的现金","销售商品、提供劳务收到的现金占比","净利润(元)","净利润同比(%)","季度环比增长(%)","销售毛利率(%)","总负债(元)","总负债同比(%)"
"002138","顺络电子","2019-03-31T00:00:00","电子元件","544658164.44","10.7007","-11.0668","553586302.95","25.947749457901","83895061.89","-0.177077","-28.4325","34.7783","1142925455.97","0.354594"
"002138","顺络电子","2018-12-31T00:00:00","电子元件","2362042839.62","18.8415","-1.2069","2588703374.29","52.8671054107206","478584370.69","0.402346","-13.1893","34.6416","879702936.21","0.225869"
"002138","顺络电子","2017-12-31T00:00:00","电子元件","1987557913.8","14.4736","3.7607","2144869617.48","17.5068001514826","341274033.02","-0.049724","2.2321","33.4776","717615991.56","-0.478447"
"002138","顺络电子","2016-12-31T00:00:00","电子元件","1736258766.5","31.6069","6.3837","1560211386.64","13.5032895307292","359131458.08","0.363559","-6.0252","37.006","1375921587.97","0.655747""代码","名称","报告期","行业","营业总收入(元)","同比增长(%)","季度环比增长(%)","销售商品、提供劳务收到的现金","销售商品、提供劳务收到的现金占比","净利润(元)","净利润同比(%)","季度环比增长(%)","销售毛利率(%)","总负债(元)","总负债同比(%)"
"000875","吉电股份","2019-03-31T00:00:00","电力行业","2294132117.42","14.1306","-0.4138","1818481360.15","4.78694924641479","160692111.45","0.150433","41.3661","26.1257","29051951949.02","0.086157"
"000875","吉电股份","2018-12-31T00:00:00","电力行业","7301107308.38","43.0939","56.6776","5740373614.76","12.4956053345909","114608485.79","1.337547","174.1964","18.9898","29408814773.45","0.101068"
"000875","吉电股份","2017-12-31T00:00:00","电力行业","5102319332.17","15.8498","41.0391","4612401309.65","3.92371609783921","-339533874.19","-27.108113","-56.5876","11.0044","26709345005.99","0.243818"
"000875","吉电股份","2016-12-31T00:00:00","电力行业","4404523664.52","2.3826","45.7038","4126878969.15","4.85868438980366","13004918.23","-0.889559","-41.9293","20.1308","21473673010.43","0.185016""代码","名称","报告期","行业","营业总收入(元)","同比增长(%)","季度环比增长(%)","销售商品、提供劳务收到的现金","销售商品、提供劳务收到的现金占比","净利润(元)","净利润同比(%)","季度环比增长(%)","销售毛利率(%)","总负债(元)","总负债同比(%)"
"600667","太极实业","2019-03-31T00:00:00","电子元件","3807543549.66","7.4641","-13.9657","3171402383.48","4.0471716629685","95987007.84","0.205075","-53.1714","11.2115","10854544825.79","-0.065706"
"600667","太极实业","2018-12-31T00:00:00","电子元件","15651965830.16","30.0665","24.9287","15152091721.99","16.5866762743717","572925113.03","0.371323","25.8249","13.2529","10717759258","0.121699"
"600667","太极实业","2017-12-31T00:00:00","电子元件","12033819448.73","25.1414","24.358","11676991513.71","14.765996555066","417789999.25","0.796785","-7.0533","13.559","9554934092.05","-0.090245"
"600667","太极实业","2016-12-31T00:00:00","电子元件","9616175275.12","34.5531","553.4482","8812031369.26","290.404869432592","232520805.98","1.017398","1322.6177","14.8734","10502751792.65","0.1905""代码","名称","报告期","行业","营业总收入(元)","同比增长(%)","季度环比增长(%)","销售商品、提供劳务收到的现金","销售商品、提供劳务收到的现金占比","净利润(元)","净利润同比(%)","季度环比增长(%)","销售毛利率(%)","总负债(元)","总负债同比(%)"
"600584","长电科技","2019-03-31T00:00:00","电子元件","4514773490.97","-17.7708","-21.7699","5409211254.94","2.60763569653448","-46516845.29","-9.858982","95.1382","8.1048","19634245904.22","-0.042059"
"600584","长电科技","2018-12-31T00:00:00","电子元件","23856487366.62","0.0041","-14.9127","25200141629.18","10.2160742373017","-939315302.79","-3.735763","-14566.4931","11.4255","22132236947.35","0.047879"
"600584","长电科技","2017-12-31T00:00:00","电子元件","23855512379.95","24.5424","7.0019","25094596750.41","649.602196142936","343346784.01","2.228933","133.8313","11.7143","21120975295.4","-0.083568"
"600584","长电科技","2016-12-31T00:00:00","电子元件","19154527743.1","77.2415","1.7341","19563296531.91","37.6974430018778","106334424.75","1.044993","-4.8567","11.8192","23046963350.01","0.221393""代码","名称","报告期","行业","营业总收入(元)","同比增长(%)","季度环比增长(%)","销售商品、提供劳务收到的现金","销售商品、提供劳务收到的现金占比","净利润(元)","净利润同比(%)","季度环比增长(%)","销售毛利率(%)","总负债(元)","总负债同比(%)"
"300496","中科创达","2019-03-31T00:00:00","电子信息","334885053.5","19.1526","-40.7569","429704728.32","6.47472020386145","50598043.8","0.332665","-17.4432","43.5158","874968097.83","-0.129875"
"300496","中科创达","2018-12-31T00:00:00","电子信息","1464583745.46","26.0044","75.9995","1458525475.88","14.4091240656589","164304280.8","1.105269","46.0886","41.7082","1051911165.22","-0.221336"
"300496","中科创达","2017-12-31T00:00:00","电子信息","1162327240.88","37.0827","98.7341","1181331119.59","4.77844328624614","78044301.23","-0.351157","-68.4077","36.377","1350917995.93","0.698864"
"300496","中科创达","2016-12-31T00:00:00","电子信息","847902181.67","37.7665","48.0534","822734054.95","2.08295441286851","120282199.78","0.031497","-14.2411","46.4162","795189027.69","2.581904""代码","名称","报告期","行业","营业总收入(元)","同比增长(%)","季度环比增长(%)","销售商品、提供劳务收到的现金","销售商品、提供劳务收到的现金占比","净利润(元)","净利润同比(%)","季度环比增长(%)","销售毛利率(%)","总负债(元)","总负债同比(%)"
"000725","京东方A","2019-03-31T00:00:00","电子元件","26454258554","22.6619","-4.3054","28976834648","13.6800639330816","1051781919","-0.478979","1776.1303","17.6595","185428924766","0.186161"
"000725","京东方A","2018-12-31T00:00:00","电子元件","97108864935","3.527","6.3636","105589411120","23.1424227291088","3435127975","-0.546079","-86.1187","20.3922","183671193824","0.20976"
"000725","京东方A","2017-12-31T00:00:00","电子元件","93800479215","36.1486","-1.6579","102954356249","71.4205532454272","7567682493","3.019864","-49.7476","25.0724","151824479016","0.342167"
"000725","京东方A","2016-12-31T00:00:00","电子元件","68895658963","41.6914","18.873","68853018038","5.22719714439378","1882571674","0.150526","165.0733","17.8675","113118955882","0.52365""代码","名称","报告期","行业","营业总收入(元)","同比增长(%)","季度环比增长(%)","销售商品、提供劳务收到的现金","销售商品、提供劳务收到的现金占比","净利润(元)","净利润同比(%)","季度环比增长(%)","销售毛利率(%)","总负债(元)","总负债同比(%)"
"000050","深天马A","2019-03-31T00:00:00","电子元件","6926760995.62","5.4632","-3.4211","8035043591.94","10.8860803299642","289479369.93","-0.354007","182.8186","13.8943","34932905528.81","0.025683"
"000050","深天马A","2018-12-31T00:00:00","电子元件","28911543960.79","21.3543","-7.6185","30620754489.49","18.4896024825061","925542329.07","-0.151746","-180.3647","15.1907","34032259410.13","0.124467"
"000050","深天马A","2017-12-31T00:00:00","电子元件","23824088277.6","30.5096","0.3681","24373368041.5","93.1572649820013","1091114392.87","0.418195","-82.3938","20.1918","30265242959.99","0.916255"
"000050","深天马A","2016-12-31T00:00:00","电子元件","10736756430.53","1.9635","7.2004","10419750667.31","3.62472059478165","569177393.37","0.026145","69.4968","20.1832","7920376783.63","-0.054888""代码","名称","报告期","行业","营业总收入(元)","同比增长(%)","季度环比增长(%)","销售商品、提供劳务收到的现金","销售商品、提供劳务收到的现金占比","净利润(元)","净利润同比(%)","季度环比增长(%)","销售毛利率(%)","总负债(元)","总负债同比(%)"
"000413","东旭光电","2019-03-31T00:00:00","电子元件","3816412812.51","-18.2005","-65.141","5076060941.82","2.38351450507349","431060886.41","0.011917","-49.1943","24.8933","38389585097.27","0.057139"
"000413","东旭光电","2018-12-31T00:00:00","电子元件","28211700021.12","63.2908","78.491","24460106952.41","2.39851448036517","2163607505.39","0.250514","85.7127","17.7502","39152817372.7","0.074386"
"000413","东旭光电","2017-12-31T00:00:00","电子元件","17276969039.03","127.1521","193.358","16319362118.18","38.5261546038496","1730174564.57","0.33749","83.8662","20.8514","36442029677.28","0.375094"
"000413","东旭光电","2016-12-31T00:00:00","电子元件","7632049549.25","48.4089","91.3302","8596061529.26","0.644438530733106","1303685863.9","-0.065075","71.2145","30.5968","25908111864.69","0.668666""代码","名称","报告期","行业","营业总收入(元)","同比增长(%)","季度环比增长(%)","销售商品、提供劳务收到的现金","销售商品、提供劳务收到的现金占比","净利润(元)","净利润同比(%)","季度环比增长(%)","销售毛利率(%)","总负债(元)","总负债同比(%)"
"002456","欧菲光","2019-03-31T00:00:00","电子元件","10655854732.52","40.9817","-10.4277","10021308601.42","33.4097690016568","-256566591.07","-1.868588","86.4638","8.2264","30735907059.5","0.327044"
"002456","欧菲光","2018-12-31T00:00:00","电子元件","43042809935.58","27.3794","-7.7099","42239896987.19","181.161312083797","-519008316.35","-1.630997","-399.5384","12.3154","29261258110.94","0.351568"
"002456","欧菲光","2017-12-31T00:00:00","电子元件","33791031433.68","26.3385","-0.0247","33252626538.49","174.104485815592","822521428.67","0.144257","-149.6148","13.7636","21649862939.42","0.406416"
"002456","欧菲光","2016-12-31T00:00:00","电子元件","26746418937.61","44.5927","-3.1019","22838081460.95","66.8934075181435","718825886.71","0.502404","-23.653","11.478","15393641471.55","0.535076""代码","名称","报告期","行业","营业总收入(元)","同比增长(%)","季度环比增长(%)","销售商品、提供劳务收到的现金","销售商品、提供劳务收到的现金占比","净利润(元)","净利润同比(%)","季度环比增长(%)","销售毛利率(%)","总负债(元)","总负债同比(%)"
"000651","格力电器","2019-03-31T00:00:00","家电行业","41006119447.79","2.4501","-17.945","43448029583.55","184.528117854313","5671869041.09","0.016168","11.5554","30.5896","168491284000.69","0.152641"
"000651","格力电器","2018-12-31T00:00:00","家电行业","200023997743.87","33.332","-13.9053","135029126382.98","18.2163969754155","26202787681.42","0.169742","-38.8329","30.2282","158519445549.35","0.070114"
"000651","格力电器","2017-12-31T00:00:00","家电行业","150019551611.75","36.2413","-9.5533","107599120105.06","2.15363019629932","22400484001.26","0.448663","15.5227","32.8577","148133201565.19","0.162542"
"000651","格力电器","2016-12-31T00:00:00","家电行业","110113101850.23","9.4951","-21.7851","69896621293.21","11.5652862740755","15463625768.05","0.230484","-13.1497","32.7018","127421835134.36","0.126532""代码","名称","报告期","行业","营业总收入(元)","同比增长(%)","季度环比增长(%)","销售商品、提供劳务收到的现金","销售商品、提供劳务收到的现金占比","净利润(元)","净利润同比(%)","季度环比增长(%)","销售毛利率(%)","总负债(元)","总负债同比(%)"
"002635","安洁科技","2019-03-31T00:00:00","电子元件","667930474.7","8.0968","-36.3889","945151166.39","2.36429601794852","193458661.48","0.864699","59.3946","22.1143","1467585735.04","-0.131887"
"002635","安洁科技","2018-12-31T00:00:00","电子元件","3554259001.14","30.9312","1.1591","3506826565.88","16.9810439729459","547493479.18","0.398522","-35.7076","31.2754","1844909722.54","-0.051094"
"002635","安洁科技","2017-12-31T00:00:00","电子元件","2714600818.92","48.5286","31.9464","2461977085.14","24.8984211935693","391480069.92","0.011291","-73.0691","37.617","1944249492.08","1.95845"
"002635","安洁科技","2016-12-31T00:00:00","电子元件","1827662448.93","-2.8062","-10.4592","1945338747.35","5.61526979124761","387109169.17","0.260758","-4.3103","36.145","657185193.89","-0.126259""代码","名称","报告期","行业","营业总收入(元)","同比增长(%)","季度环比增长(%)","销售商品、提供劳务收到的现金","销售商品、提供劳务收到的现金占比","净利润(元)","净利润同比(%)","季度环比增长(%)","销售毛利率(%)","总负债(元)","总负债同比(%)"
"000063","中兴通讯","2019-03-31T00:00:00","通讯行业","22201814000","-19.3434","-16.9931","20894666000","3.88152097122984","862604000","1.159528","212.4686","39.9719","106876140000","0.058485"
"000063","中兴通讯","2018-12-31T00:00:00","通讯行业","85513150000","-21.4144","38.353","90583797000","10.0927244957693","-6983662000","-2.528765","-51.0935","32.9137","96390074000","-0.022235"
"000063","中兴通讯","2017-12-31T00:00:00","通讯行业","108815273000","7.4897","42.8301","115579157000","1943.22534382461","4568172000","2.937786","-58.8332","31.0705","98582068000","-0.021574"
"000063","中兴通讯","2016-12-31T00:00:00","通讯行业","101233182000","1.0448","24.6253","113551944000","33.0785683386279","-2357418000","-1.734882","-577.4694","30.7533","100755820000","0.236525""代码","名称","报告期","行业","营业总收入(元)","同比增长(%)","季度环比增长(%)","销售商品、提供劳务收到的现金","销售商品、提供劳务收到的现金占比","净利润(元)","净利润同比(%)","季度环比增长(%)","销售毛利率(%)","总负债(元)","总负债同比(%)"
"603160","汇顶科技","2019-03-31T00:00:00","电子元件","1224785064.56","114.3903","-9.6644","970661919.31","5.42400827438342","414214424.07","20.399521","-2.2536","61.4307","1195277884.6","0.497442"
"603160","汇顶科技","2018-12-31T00:00:00","电子元件","3721291685.55","1.0783","38.7717","4240567204.17","6.45035883489401","742498646.02","-0.162856","105.2058","52.1835","1237751170.29","0.327801"
"603160","汇顶科技","2017-12-31T00:00:00","电子元件","3681594308.56","19.5582","-18.8909","4306951801.87","31.3714360511082","886942112.9","0.035151","-55.707","47.1185","932180983.31","0.947139"
"603160","汇顶科技","2016-12-31T00:00:00","电子元件","3079331261.46","175.0382","5.2515","2613918320.95","5.25429228560845","856824030.01","1.264615","-14.6336","47.1445","478743877.64","1.185838""代码","名称","报告期","行业","营业总收入(元)","同比增长(%)","季度环比增长(%)","销售商品、提供劳务收到的现金","销售商品、提供劳务收到的现金占比","净利润(元)","净利润同比(%)","季度环比增长(%)","销售毛利率(%)","总负债(元)","总负债同比(%)"
"300679","电连技术","2019-03-31T00:00:00","电子元件","375805891.98","36.9618","-6.3681","389804690.21","0.332084653418648","42887118.48","-0.335879","11.3851","29.9644","415254865.27","0.668513"
"300679","电连技术","2018-12-31T00:00:00","电子元件","1341313955.02","-5.7455","18.7907","1397940366.42","1.12284834186863","239869865.26","-0.335793","-51.1621","37.8619","395236535.99","0.413299"
"300679","电连技术","2017-12-31T00:00:00","电子元件","1423076434.67","2.2075","0.0306","1555807080.16","0.793130110259586","361137205.31","0.007018","-3.8702","46.7071","279655261.52","-0.035537"
"300679","电连技术","2016-12-31T00:00:00","电子元件","319312237.83","-","-20.892","491818067.85","3.39225471526841","96826605.13","-","46.2497","48.01","289959470.63","0.287266""代码","名称","报告期","行业","营业总收入(元)","同比增长(%)","季度环比增长(%)","销售商品、提供劳务收到的现金","销售商品、提供劳务收到的现金占比","净利润(元)","净利润同比(%)","季度环比增长(%)","销售毛利率(%)","总负债(元)","总负债同比(%)"
"002241","歌尔股份","2019-03-31T00:00:00","电子元件","5705494533.57","41.0248","-31.2816","7683183133.23","18.8056688995493","203227339.61","0.105647","1663.4551","16.7889","13376440314.59","0.358603"
"002241","歌尔股份","2018-12-31T00:00:00","电子元件","23750587785.28","-6.9922","18.247","22878931349.35","16.9476306429531","867722661.47","-0.594375","-97.1979","18.815","14552708984.98","0.248825"
"002241","歌尔股份","2017-12-31T00:00:00","电子元件","25536136274.87","32.3983","13.5955","24075745412.44","166.586926326177","2139226164.64","0.295326","13.112","22.0039","11653119719.97","-0.034031"
"002241","歌尔股份","2016-12-31T00:00:00","电子元件","19287807649.88","41.2403","10.2838","17373898336.26","24.7433553155869","1651496619.77","0.319991","9.4045","22.3911","12063660392.19","0.237175""代码","名称","报告期","行业","营业总收入(元)","同比增长(%)","季度环比增长(%)","销售商品、提供劳务收到的现金","销售商品、提供劳务收到的现金占比","净利润(元)","净利润同比(%)","季度环比增长(%)","销售毛利率(%)","总负债(元)","总负债同比(%)"
"002870","香山股份","2019-03-31T00:00:00","仪器仪表","179814207.72","0.9357","-29.389","196473433.38","0.671747586906435","7338938.16","0.445676","-49.861","27.1921","196835461.41","-0.563393"
"002870","香山股份","2018-12-31T00:00:00","仪器仪表","937988325.3","0.9546","2.3263","989046974.51","4.10438776860365","38495133.39","-0.461528","44.139","28.9646","256564235.41","0.486339"
"002870","香山股份","2017-12-31T00:00:00","仪器仪表","929119063.18","12.2098","-5.9121","981341190.85","225.35776974543","71489595.08","-0.313431","-48.2938","29.9784","172614904.53","0.050856"
"002870","香山股份","2016-12-31T00:00:00","仪器仪表","828019408.58","2.8165","-3.2917","877434880.83","16.4692885199441","104125815.48","0.319471","18.7368","34.8485","164261234.18","-0.277074""代码","名称","报告期","行业","营业总收入(元)","同比增长(%)","季度环比增长(%)","销售商品、提供劳务收到的现金","销售商品、提供劳务收到的现金占比","净利润(元)","净利润同比(%)","季度环比增长(%)","销售毛利率(%)","总负债(元)","总负债同比(%)"
"603501","韦尔股份","2019-03-31T00:00:00","电子元件","723171168.41","-11.838","-14.9287","846077972.58","24.8582203264279","51068927.42","0.190972","147.6732","22.1092","3852339911.67","1.011997"
"603501","韦尔股份","2018-12-31T00:00:00","电子元件","3963509424.61","64.7401","-30.2074","4411089715.54","11.5887735021163","138804364.26","0.012016","-218.8405","23.4108","2955488671.47","0.808449"
"603501","韦尔股份","2017-12-31T00:00:00","电子元件","2405916266.81","11.3453","11.9337","2363894646.46","3.70808042861913","137156318","-0.032003","-11.4304","20.5354","1634267325.65","0.953063"
"603501","韦尔股份","2016-12-31T00:00:00","电子元件","2160769529.87","8.9498","-3.7402","2046277869.88","151.513891552517","141690919.38","0.228146","-5.9079","20.1168","836771485.48","0.025446""代码","名称","报告期","行业","营业总收入(元)","同比增长(%)","季度环比增长(%)","销售商品、提供劳务收到的现金","销售商品、提供劳务收到的现金占比","净利润(元)","净利润同比(%)","季度环比增长(%)","销售毛利率(%)","总负债(元)","总负债同比(%)"
"600536","中国软件","2019-03-31T00:00:00","软件服务","1007082826.38","78.1751","-51.399","855838668.07","2.35803299994236","-103474066.85","0.041294","-129.5259","28.021","3160419039.08","0.355407"
"600536","中国软件","2018-12-31T00:00:00","软件服务","4613161359.6","-6.6728","105.0924","4628699263.68","32.2249037117138","110809179.59","0.47946","2717.8477","39.0971","3103609851.66","0.129513"
"600536","中国软件","2017-12-31T00:00:00","软件服务","4942995517.06","9.1222","94.0373","5182516964.51","16.3292030058443","74898371.62","-0.267904","847.6023","38.1906","2747741662.4","-0.101926"
"600536","中国软件","2016-12-31T00:00:00","软件服务","4529778511.92","24.7738","148.5974","5170138292.52","65.2775761922591","102306766.53","0.731474","380.0843","39.1136","3059595450.8","0.129191""代码","名称","报告期","行业","营业总收入(元)","同比增长(%)","季度环比增长(%)","销售商品、提供劳务收到的现金","销售商品、提供劳务收到的现金占比","净利润(元)","净利润同比(%)","季度环比增长(%)","销售毛利率(%)","总负债(元)","总负债同比(%)"
"002049","紫光国微","2019-03-31T00:00:00","电子元件","669142960.93","29.7976","-10.4925","512003801.04","1.7192017564334","67069015.34","0.415216","11.3515","27.0513","1852070808.46","0.141691"
"002049","紫光国微","2018-12-31T00:00:00","电子元件","2458423475.06","34.4065","13.6604","2392166344.4","35.6733792172089","347973762.41","0.243264","-64.1491","30.1475","1925100080.37","0.15103"
"002049","紫光国微","2017-12-31T00:00:00","电子元件","1829095734.96","28.9392","2.8329","1802578836.44","6.56411828562187","279887242.88","-0.167266","-25.3557","33.1375","1672502364.73","0.404545"
"002049","紫光国微","2016-12-31T00:00:00","电子元件","1418572250.23","13.5044","20.709","1354750689.28","83.0279445400456","336106379.14","0.001867","-52.5924","38.0188","1190778677.25","-0.003686""代码","名称","报告期","行业","营业总收入(元)","同比增长(%)","季度环比增长(%)","销售商品、提供劳务收到的现金","销售商品、提供劳务收到的现金占比","净利润(元)","净利润同比(%)","季度环比增长(%)","销售毛利率(%)","总负债(元)","总负债同比(%)"
"002594","比亚迪","2019-03-31T00:00:00","汽车行业","30304111000","22.5024","-26.2196","26636297000","18.6596508114644","749732000","6.319814","-40.1718","19.0473","136680075000","0.120837"
"002594","比亚迪","2018-12-31T00:00:00","汽车行业","130054707000","22.7919","17.924","103812991000","46.8659881730105","2780194000","-0.316314","19.5798","16.4003","133877098000","0.133189"
"002594","比亚迪","2017-12-31T00:00:00","汽车行业","105914702000","2.3627","10.6819","94340585000","59.8091653141959","4066478000","-0.1951","19.3278","19.0146","118141943000","0.317645"
"002594","比亚迪","2016-12-31T00:00:00","汽车行业","103469997000","29.323","10.1406","87581417000","81.1643221943482","5052154000","0.789361","-1.1679","20.3625","89661415000","0.128434""代码","名称","报告期","行业","营业总收入(元)","同比增长(%)","季度环比增长(%)","销售商品、提供劳务收到的现金","销售商品、提供劳务收到的现金占比","净利润(元)","净利润同比(%)","季度环比增长(%)","销售毛利率(%)","总负债(元)","总负债同比(%)"
"000858","五粮液","2019-03-31T00:00:00","酿酒行业","17590253203.22","26.5699","63.1764","17697564959.4","2.25969527244799","6475113303.33","0.302574","66.4626","75.7827","22522102555.95","0.139805"
"000858","五粮液","2018-12-31T00:00:00","酿酒行业","40030189599.87","32.6083","37.6901","46031388431.46","5.50072156398025","13384246683.6","0.383568","63.153","73.8028","20974826391.98","0.290894"
"000858","五粮液","2017-12-31T00:00:00","酿酒行业","30186780409.14","22.9915","29.1469","35753619516.24","6.03346438190993","9673721498.15","0.425849","35.9061","72.0073","16248301030.25","0.163206"
"000858","五粮液","2016-12-31T00:00:00","酿酒行业","24543792660.59","13.3176","54.0086","33044819191.48","3.96138792298426","6784533260.36","0.098511","38.5937","70.1992","13968547373.5","0.703175""代码","名称","报告期","行业","营业总收入(元)","同比增长(%)","季度环比增长(%)","销售商品、提供劳务收到的现金","销售商品、提供劳务收到的现金占比","净利润(元)","净利润同比(%)","季度环比增长(%)","销售毛利率(%)","总负债(元)","总负债同比(%)"
"600009","上海机场","2019-03-31T00:00:00","民航机场","2774401240.91","21.6444","14.9949","2605636968.08","30.3510619987844","1391195568.78","0.366715","27.5282","55.2394","2136054998.45","0.176136"
"600009","上海机场","2018-12-31T00:00:00","民航机场","9313114686.74","15.5132","0.692","9491124913.54","6136.0838998318","4231432034.89","0.148782","-2.5107","51.6881","2294221760.36","0.110129"
"600009","上海机场","2017-12-31T00:00:00","民航机场","8062379029.93","15.9808","-2.7236","8199937805.58","6.8200753716251","3683408499.86","0.312854","-0.5056","49.8173","2066626537.28","-0.521558"
"600009","上海机场","2016-12-31T00:00:00","民航机场","6951474481.18","10.5972","-6.023","7009478942.84","15.6716666173272","2805650702.03","0.108325","0.3982","45.1319","4319493266","-0.12591""代码","名称","报告期","行业","营业总收入(元)","同比增长(%)","季度环比增长(%)","销售商品、提供劳务收到的现金","销售商品、提供劳务收到的现金占比","净利润(元)","净利润同比(%)","季度环比增长(%)","销售毛利率(%)","总负债(元)","总负债同比(%)"
"002384","东山精密","2019-03-31T00:00:00","金属制品","4491817871.77","26.4416","-30.0215","5852932134.47","147.504879881038","198963755.25","0.313884","48.7916","15.332","20238977725.3","0.306154"
"002384","东山精密","2018-12-31T00:00:00","金属制品","19825420035.39","28.8238","3.6157","17127488692.98","78.4536395938725","811062388.75","0.541376","-67.9551","15.9569","22699973145.26","0.585084"
"002384","东山精密","2017-12-31T00:00:00","金属制品","15389565629.62","83.1372","14.8859","13508928053.79","52.4960824485493","526193565.83","2.648783","-38.0809","14.3249","14320993980.88","0.155656"
"002384","东山精密","2016-12-31T00:00:00","金属制品","8403297216.84","110.4574","18.9","7680688842.23","13.5735234790749","144210721.03","3.547252","26.6617","12.0887","12392086568.61","1.954572""代码","名称","报告期","行业","营业总收入(元)","同比增长(%)","季度环比增长(%)","销售商品、提供劳务收到的现金","销售商品、提供劳务收到的现金占比","净利润(元)","净利润同比(%)","季度环比增长(%)","销售毛利率(%)","总负债(元)","总负债同比(%)"
"002119","康强电子","2019-03-31T00:00:00","电子元件","316893108.76","-7.1949","-6.4829","244972581.32","5.74724925125536","26160028.11","0.493089","79.3189","19.0452","861639818.99","0.04965"
"002119","康强电子","2018-12-31T00:00:00","电子元件","1482897034.3","13.7524","-15.4301","1314356080.97","51.9244344264652","80236613.36","0.253644","-44.0985","20.2537","870363448.42","0.013561"
"002119","康强电子","2017-12-31T00:00:00","电子元件","1303618061.94","8.9294","4.9994","1314351856.97","45.7397808370231","64002727.4","0.46735","-65.5922","21.0536","858718611.12","0.029869"
"002119","康强电子","2016-12-31T00:00:00","电子元件","1196754513.55","17.2101","-12.8457","1197904055.29","24.6948651602855","43617898.34","1.761491","-19.0065","19.6935","833813382.1","0.148804""代码","名称","报告期","行业","营业总收入(元)","同比增长(%)","季度环比增长(%)","销售商品、提供劳务收到的现金","销售商品、提供劳务收到的现金占比","净利润(元)","净利润同比(%)","季度环比增长(%)","销售毛利率(%)","总负债(元)","总负债同比(%)"
"002203","海亮股份","2019-03-31T00:00:00","有色金属","8464618690.85","-9.8078","-1.9141","8833017484.84","5.53308347290201","300152440.11","0.198253","37.9324","7.3925","13577166671.79","0.17055"
"002203","海亮股份","2018-12-31T00:00:00","有色金属","40698339575.21","36.0539","-27.466","45444051695.42","69.187892232319","908793300.88","0.288462","54.865","5.833","10827178912.42","0.109533"
"002203","海亮股份","2017-12-31T00:00:00","有色金属","29913395727.94","66.189","0.3743","32303590746.65","41.3709196296384","705332026.6","0.279517","-24.5699","6.0382","9758317112.81","0.202439"
"002203","海亮股份","2016-12-31T00:00:00","有色金属","17999619717.57","32.1913","-3.0178","18305462355.19","102.710467140992","551248526.37","0.207051","52.1838","7.9853","8115435446.97","0.595519""代码","名称","报告期","行业","营业总收入(元)","同比增长(%)","季度环比增长(%)","销售商品、提供劳务收到的现金","销售商品、提供劳务收到的现金占比","净利润(元)","净利润同比(%)","季度环比增长(%)","销售毛利率(%)","总负债(元)","总负债同比(%)"
"300394","天孚通信","2019-03-31T00:00:00","通讯行业","111909251.16","12.993","-5.4577","124366716.3","3.67419264925174","33874355.09","0.235294","-23.6481","55.0821","128207903.93","0.335273"
"300394","天孚通信","2018-12-31T00:00:00","通讯行业","442889123.36","31.0352","0.9048","429051732.22","2.40806870668305","135532003.56","0.218433","20.4596","51.2742","123099100.63","0.5579"
"300394","天孚通信","2017-12-31T00:00:00","通讯行业","337992404.01","9.0133","7.4542","351667326.73","3.33957953090175","111234679.39","-0.085074","15.6943","55.5284","79016055.19","0.341311"
"300394","天孚通信","2016-12-31T00:00:00","通讯行业","310047077.82","30.8045","5.2253","293694446.26","3.56690024022461","121577742.89","0.17733","14.5961","61.7441","58909564.95","0.945341""代码","名称","报告期","行业","营业总收入(元)","同比增长(%)","季度环比增长(%)","销售商品、提供劳务收到的现金","销售商品、提供劳务收到的现金占比","净利润(元)","净利润同比(%)","季度环比增长(%)","销售毛利率(%)","总负债(元)","总负债同比(%)"
"300308","中际旭创","2019-03-31T00:00:00","机械行业","875646836.85","-37.3911","-8.1643","917941653.42","0.688871801255792","99499938.81","-0.326641","-29.7527","28.1059","3074596949.79","-0.104238"
"300308","中际旭创","2018-12-31T00:00:00","机械行业","5156314239.9","118.7582","-30.7689","5485930205.27","39.5488315938628","623115980.05","2.858174","-13.9318","27.2742","3303719361.61","-0.131552"
"300308","中际旭创","2017-12-31T00:00:00","机械行业","2357083470.26","1690.8195","13.914","2265040153.19","2.60677220157892","161505416.37","15.063587","-71.2253","26.7948","3804164432.84","48.811494"
"300308","中际旭创","2016-12-31T00:00:00","机械行业","131620384.91","8.4099","88.7379","148375357.91","3.03162907751638","10054131.54","0.797316","603.7558","30.5592","76371217.32","-0.179725""代码","名称","报告期","行业","营业总收入(元)","同比增长(%)","季度环比增长(%)","销售商品、提供劳务收到的现金","销售商品、提供劳务收到的现金占比","净利润(元)","净利润同比(%)","季度环比增长(%)","销售毛利率(%)","总负债(元)","总负债同比(%)"
"601633","长城汽车","2019-03-31T00:00:00","汽车行业","22627226455.43","-14.8485","-30.5595","28187004575.04","712.372731118398","773283049.9","-0.628406","-39.623","13.7237","57891058672.88","-0.00525"
"601633","长城汽车","2018-12-31T00:00:00","汽车行业","99229987202.2","-1.9171","81.3655","126174840593.43","45.5419065064427","5207313967.76","0.035808","455.0221","16.686","59111823806.94","-0.035525"
"601633","长城汽车","2017-12-31T00:00:00","汽车行业","101169488827.86","2.5896","70.2096","118613788260.6","60.7576222305694","5027297997.74","-0.523531","367.1958","18.4341","61289112131.14","0.363328"
"601633","长城汽车","2016-12-31T00:00:00","汽车行业","98615702427.24","29.7009","61.4259","99640709467.75","175.881865589519","10551158884.21","0.309185","46.4128","24.4642","44955516048.5","0.341007""代码","名称","报告期","行业","营业总收入(元)","同比增长(%)","季度环比增长(%)","销售商品、提供劳务收到的现金","销售商品、提供劳务收到的现金占比","净利润(元)","净利润同比(%)","季度环比增长(%)","销售毛利率(%)","总负债(元)","总负债同比(%)"
"002916","深南电路","2019-06-30T00:00:00","电子元件","4791542068.44","47.8982","21.5362","4378263405.1","19.4297458001024","471042754.69","0.680172","52.207","23.7976","5383895178.42","0.224373"
"002916","深南电路","2019-03-31T00:00:00","电子元件","2162870945.88","46.3899","-4.5232","1890058059.31","17.1080982827053","186768322.15","0.595425","-16.7415","23.5394","4941019297.92","0.231086"
"002916","深南电路","2018-12-31T00:00:00","电子元件","7602141701.41","33.6772","8.0251","7080959357.39","7.50722561138899","697252358.02","0.556081","16.4864","23.1296","4801608898.55","0.123099"
"002916","深南电路","2017-12-31T00:00:00","电子元件","5686939441.08","23.6694","-0.8306","5404536230.42","3.83841643798639","448082267.22","0.634357","25.6864","22.401","4275319502.96","0.200214"
"002916","深南电路","2016-12-31T00:00:00","电子元件","1287394591.94","-","2.2279","1013573048.86","4.6056308962642","101678062.02","-","50.517","23.8732","3562130018.63","0.043487"